{"nodes": [{"group": 0, "id": "132"}, {"group": 2, "id": "3650"}, {"group": 0, "id": "3651"}, {"group": 0, "id": "21"}, {"group": 1, "id": "5827"}, {"group": 1, "id": "28"}, {"group": 1, "id": "4"}, {"group": 1, "id": "1465"}, {"group": 0, "id": "1464"}, {"group": 2, "id": "1466"}, {"group": 0, "id": "1461"}, {"group": 2, "id": "1460"}, {"group": 2, "id": "1463"}, {"group": 1, "id": "1462"}, {"group": 2, "id": "11"}, {"group": 1, "id": "7"}, {"group": 0, "id": "4968"}, {"group": 2, "id": "1397"}, {"group": 1, "id": "1396"}, {"group": 0, "id": "1401"}, {"group": 1, "id": "3640"}, {"group": 0, "id": "2550"}, {"group": 2, "id": "4964"}, {"group": 1, "id": "52"}, {"group": 2, "id": "4970"}, {"group": 0, "id": "4971"}, {"group": 0, "id": "822"}, {"group": 0, "id": "981"}, {"group": 1, "id": "88"}, {"group": 2, "id": "89"}, {"group": 2, "id": "5"}, {"group": 1, "id": "85"}, {"group": 1, "id": "2785"}, {"group": 0, "id": "2547"}, {"group": 2, "id": "2546"}, {"group": 1, "id": "2545"}, {"group": 0, "id": "2544"}, {"group": 2, "id": "2549"}, {"group": 1, "id": "2548"}, {"group": 0, "id": "3"}, {"group": 1, "id": "1399"}, {"group": 0, "id": "1398"}, {"group": 2, "id": "4967"}, {"group": 1, "id": "4966"}, {"group": 0, "id": "4965"}, {"group": 2, "id": "1400"}, {"group": 1, "id": "4963"}, {"group": 0, "id": "4962"}, {"group": 2, "id": "4961"}, {"group": 2, "id": "3584"}, {"group": 0, "id": "3585"}, {"group": 2, "id": "3587"}, {"group": 1, "id": "4969"}, {"group": 0, "id": "4812"}, {"group": 2, "id": "38"}, {"group": 1, "id": "37"}, {"group": 1, "id": "5815"}, {"group": 0, "id": "1533"}, {"group": 1, "id": "430"}, {"group": 2, "id": "458"}, {"group": 0, "id": "459"}, {"group": 1, "id": "457"}, {"group": 1, "id": "61"}, {"group": 1, "id": "3163"}, {"group": 0, "id": "3513"}, {"group": 2, "id": "2"}, {"group": 2, "id": "3089"}, {"group": 0, "id": "6"}, {"group": 0, "id": "2115"}, {"group": 0, "id": "9"}, {"group": 0, "id": "468"}, {"group": 0, "id": "465"}, {"group": 2, "id": "464"}, {"group": 2, "id": "467"}, {"group": 1, "id": "466"}, {"group": 2, "id": "461"}, {"group": 1, "id": "460"}, {"group": 1, "id": "463"}, {"group": 0, "id": "462"}, {"group": 2, "id": "8"}, {"group": 1, "id": "91"}, {"group": 0, "id": "90"}, {"group": 0, "id": "93"}, {"group": 0, "id": "4839"}, {"group": 1, "id": "10"}, {"group": 1, "id": "13"}, {"group": 0, "id": "12"}, {"group": 0, "id": "963"}, {"group": 1, "id": "19"}, {"group": 0, "id": "18"}, {"group": 1, "id": "5818"}, {"group": 2, "id": "5819"}, {"group": 1, "id": "5812"}, {"group": 0, "id": "1458"}, {"group": 1, "id": "1459"}, {"group": 2, "id": "5816"}, {"group": 2, "id": "3638"}, {"group": 0, "id": "3639"}, {"group": 1, "id": "3637"}, {"group": 1, "id": "3631"}, {"group": 2, "id": "3734"}, {"group": 2, "id": "44"}, {"group": 1, "id": "43"}, {"group": 2, "id": "5456"}, {"group": 1, "id": "1"}, {"group": 1, "id": "5920"}, {"group": 2, "id": "5921"}, {"group": 2, "id": "4844"}, {"group": 0, "id": "4845"}, {"group": 1, "id": "4846"}, {"group": 2, "id": "4847"}, {"group": 1, "id": "4840"}, {"group": 2, "id": "4841"}, {"group": 0, "id": "4842"}, {"group": 1, "id": "4843"}, {"group": 2, "id": "4799"}, {"group": 1, "id": "4462"}, {"group": 2, "id": "2783"}, {"group": 1, "id": "3115"}, {"group": 0, "id": "3111"}, {"group": 2, "id": "1472"}, {"group": 0, "id": "1470"}, {"group": 1, "id": "1471"}, {"group": 1, "id": "4855"}, {"group": 0, "id": "4854"}], "links": [{"source": "4970", "target": "3163", "value": "0.0073"}, {"source": "4970", "target": "3734", "value": "0.0066"}, {"source": "4971", "target": "3163", "value": "0.0073"}, {"source": "4971", "target": "3734", "value": "0.0066"}, {"source": "3640", "target": "4844", "value": "0.0052"}, {"source": "3640", "target": "4845", "value": "0.001"}, {"source": "3640", "target": "4846", "value": "0.001"}, {"source": "3640", "target": "4847", "value": "0.001"}, {"source": "1462", "target": "2", "value": "6.4325"}, {"source": "1462", "target": "28", "value": "2.8724"}, {"source": "1462", "target": "37", "value": "5.317"}, {"source": "1462", "target": "38", "value": "4.9043"}, {"source": "1462", "target": "43", "value": "4.0506"}, {"source": "1462", "target": "44", "value": "1.0376"}, {"source": "1462", "target": "52", "value": "4.5894"}, {"source": "1462", "target": "61", "value": "4.8305"}, {"source": "1462", "target": "132", "value": "1.7117"}, {"source": "1462", "target": "981", "value": "0.0352"}, {"source": "1462", "target": "1461", "value": "0.0039"}, {"source": "1462", "target": "1463", "value": "0.0039"}, {"source": "1462", "target": "1464", "value": "0.0039"}, {"source": "1462", "target": "1465", "value": "0.0039"}, {"source": "1462", "target": "1466", "value": "0.0039"}, {"source": "1461", "target": "2", "value": "6.4325"}, {"source": "1461", "target": "28", "value": "2.8724"}, {"source": "1461", "target": "37", "value": "5.317"}, {"source": "1461", "target": "38", "value": "4.9043"}, {"source": "1461", "target": "43", "value": "4.0506"}, {"source": "1461", "target": "44", "value": "1.0376"}, {"source": "1461", "target": "52", "value": "4.5894"}, {"source": "1461", "target": "61", "value": "4.8305"}, {"source": "1461", "target": "132", "value": "1.7117"}, {"source": "1461", "target": "430", "value": "0.1962"}, {"source": "1461", "target": "981", "value": "0.0352"}, {"source": "1461", "target": "1462", "value": "0.0039"}, {"source": "1461", "target": "1463", "value": "0.0039"}, {"source": "1461", "target": "1464", "value": "0.0039"}, {"source": "1461", "target": "1465", "value": "0.0039"}, {"source": "1461", "target": "1466", "value": "0.0039"}, {"source": "1460", "target": "2547", "value": "1.0E-4"}, {"source": "1460", "target": "2548", "value": "1.0E-4"}, {"source": "1460", "target": "2549", "value": "1.0E-4"}, {"source": "1460", "target": "2550", "value": "1.0E-4"}, {"source": "5816", "target": "822", "value": "1.5851"}, {"source": "5816", "target": "3089", "value": "0.6974"}, {"source": "1459", "target": "1396", "value": "1.0E-4"}, {"source": "1459", "target": "1397", "value": "1.0E-4"}, {"source": "1459", "target": "1398", "value": "1.0E-4"}, {"source": "1459", "target": "1399", "value": "1.0E-4"}, {"source": "1459", "target": "1400", "value": "1.0E-4"}, {"source": "1459", "target": "1401", "value": "1.0E-4"}, {"source": "1459", "target": "2546", "value": "1.0E-4"}, {"source": "3638", "target": "3115", "value": "0.0182"}, {"source": "3638", "target": "4843", "value": "0.0021"}, {"source": "4969", "target": "3163", "value": "0.0073"}, {"source": "4969", "target": "3734", "value": "0.0066"}, {"source": "1458", "target": "963", "value": "0.0033"}, {"source": "1458", "target": "1533", "value": "0.002"}, {"source": "1458", "target": "2115", "value": "2.0E-4"}, {"source": "1458", "target": "2544", "value": "0.0"}, {"source": "1458", "target": "2545", "value": "0.0"}, {"source": "3639", "target": "4844", "value": "0.0052"}, {"source": "5818", "target": "5920", "value": "7.0E-4"}, {"source": "5819", "target": "4799", "value": "0.0012"}, {"source": "5819", "target": "5921", "value": "1.0E-4"}, {"source": "2785", "target": "3513", "value": "0.0"}, {"source": "2783", "target": "7", "value": "0.0094"}, {"source": "2783", "target": "19", "value": "0.0079"}, {"source": "2783", "target": "21", "value": "0.0076"}, {"source": "2783", "target": "85", "value": "0.0064"}, {"source": "2783", "target": "88", "value": "0.0064"}, {"source": "2783", "target": "89", "value": "0.0047"}, {"source": "2783", "target": "90", "value": "0.0067"}, {"source": "2783", "target": "91", "value": "0.0067"}, {"source": "2783", "target": "93", "value": "0.0049"}, {"source": "4961", "target": "3163", "value": "0.0073"}, {"source": "4961", "target": "3734", "value": "0.0066"}, {"source": "3631", "target": "822", "value": "1.5851"}, {"source": "3631", "target": "3111", "value": "0.3521"}, {"source": "3631", "target": "3584", "value": "0.29"}, {"source": "3631", "target": "3585", "value": "0.3346"}, {"source": "3631", "target": "3587", "value": "0.3346"}, {"source": "3631", "target": "4839", "value": "0.0015"}, {"source": "4962", "target": "3163", "value": "0.0073"}, {"source": "4962", "target": "3734", "value": "0.0066"}, {"source": "4962", "target": "4963", "value": "3.0E-4"}, {"source": "4964", "target": "3163", "value": "0.0073"}, {"source": "4964", "target": "3734", "value": "0.0066"}, {"source": "4965", "target": "3163", "value": "0.0073"}, {"source": "4965", "target": "3734", "value": "0.0066"}, {"source": "5812", "target": "4462", "value": "0.0"}, {"source": "4966", "target": "3163", "value": "0.0073"}, {"source": "4966", "target": "3734", "value": "0.0066"}, {"source": "4967", "target": "3163", "value": "0.0073"}, {"source": "4967", "target": "3734", "value": "0.0066"}, {"source": "5815", "target": "822", "value": "1.5851"}, {"source": "5815", "target": "3089", "value": "0.6974"}, {"source": "5815", "target": "4812", "value": "0.0525"}, {"source": "4968", "target": "3163", "value": "0.0073"}, {"source": "4968", "target": "3734", "value": "0.0066"}, {"source": "3637", "target": "4840", "value": "0.0062"}, {"source": "3637", "target": "4841", "value": "0.0062"}, {"source": "3637", "target": "4842", "value": "0.0062"}, {"source": "3650", "target": "4854", "value": "0.002"}, {"source": "3651", "target": "4855", "value": "0.002"}, {"source": "1472", "target": "2", "value": "6.4325"}, {"source": "1472", "target": "18", "value": "0.0284"}, {"source": "1472", "target": "457", "value": "0.0203"}, {"source": "1472", "target": "458", "value": "0.0203"}, {"source": "1472", "target": "459", "value": "0.0203"}, {"source": "1472", "target": "460", "value": "0.019"}, {"source": "1472", "target": "461", "value": "0.0203"}, {"source": "1472", "target": "462", "value": "0.0204"}, {"source": "1472", "target": "463", "value": "0.0204"}, {"source": "1472", "target": "464", "value": "0.0204"}, {"source": "1472", "target": "465", "value": "0.0203"}, {"source": "1472", "target": "466", "value": "0.0203"}, {"source": "1472", "target": "467", "value": "0.0217"}, {"source": "1472", "target": "468", "value": "0.0217"}, {"source": "1471", "target": "2", "value": "6.4325"}, {"source": "1471", "target": "18", "value": "0.0284"}, {"source": "1471", "target": "457", "value": "0.0203"}, {"source": "1471", "target": "458", "value": "0.0203"}, {"source": "1471", "target": "459", "value": "0.0203"}, {"source": "1471", "target": "460", "value": "0.019"}, {"source": "1471", "target": "461", "value": "0.0203"}, {"source": "1471", "target": "462", "value": "0.0204"}, {"source": "1471", "target": "463", "value": "0.0204"}, {"source": "1471", "target": "464", "value": "0.0204"}, {"source": "1471", "target": "465", "value": "0.0203"}, {"source": "1471", "target": "466", "value": "0.0203"}, {"source": "1471", "target": "467", "value": "0.0217"}, {"source": "1471", "target": "468", "value": "0.0217"}, {"source": "1470", "target": "2", "value": "6.4325"}, {"source": "1470", "target": "18", "value": "0.0284"}, {"source": "1470", "target": "457", "value": "0.0203"}, {"source": "1470", "target": "458", "value": "0.0203"}, {"source": "1470", "target": "459", "value": "0.0203"}, {"source": "1470", "target": "460", "value": "0.019"}, {"source": "1470", "target": "461", "value": "0.0203"}, {"source": "1470", "target": "462", "value": "0.0204"}, {"source": "1470", "target": "463", "value": "0.0204"}, {"source": "1470", "target": "464", "value": "0.0204"}, {"source": "1470", "target": "465", "value": "0.0203"}, {"source": "1470", "target": "466", "value": "0.0203"}, {"source": "1470", "target": "467", "value": "0.0217"}, {"source": "1470", "target": "468", "value": "0.0217"}, {"source": "5827", "target": "5456", "value": "4.6679"}, {"source": "1", "target": "2", "value": "6.4325"}, {"source": "1", "target": "3", "value": "0.003"}, {"source": "1", "target": "4", "value": "0.0016"}, {"source": "1", "target": "5", "value": "0.0016"}, {"source": "1", "target": "6", "value": "0.0016"}, {"source": "1", "target": "7", "value": "0.0094"}, {"source": "1", "target": "8", "value": "0.002"}, {"source": "1", "target": "9", "value": "0.0016"}, {"source": "1", "target": "10", "value": "0.5552"}, {"source": "1", "target": "11", "value": "0.0016"}, {"source": "1", "target": "12", "value": "0.002"}, {"source": "1", "target": "13", "value": "0.0017"}]}